"","averageStudyH","sdH","MeanNonObeseH","SDNonObeseH","MeanObeseH","SDObeseH","StudyPowerH","StudyPowerHRR","averageStudyBF","sdBF","MeanNonObeseBF","SDNonObeseBF","MeanObeseBF","SDObeseBF","StudyPowerBFRR","StudyPowerBF","Study"
"1",3.57968903472101,0.466387117783906,3.63179243083763,0.427235824491689,3.44111617270872,0.538107826579963,59,6.1,0.477403516094133,0.445189603307097,0.486817823077095,0.416374757155151,0.452365465607532,0.518211166037288,6.1,9.1,"Baxter"
"2",3.08782867911277,0.531177265114614,3.19609975425903,0.561024534524102,3.0165977086218,0.505467916096633,21.9,12.6,1.04046447324457,0.684147535786351,0.954356280432911,0.69070926360066,1.09711460009434,0.683044997491954,9.6,12.5,"Ross"
"3",3.6944526051188,0.487943471851779,3.68580024470568,0.49426944804635,3.72839001877805,0.463048850202265,11.8,17.7,0.722507678964753,0.8022093573935,0.742141515500803,0.82133052715867,0.645497290998108,0.720887874883553,5.9,18.3,"Goodrich"
"4",4.01061424968523,0.533801871258275,4.00420453133636,0.565059608593631,4.02343368638298,0.493780063684652,4.1,1.6,0.40902048982503,0.427063138586048,0.368668974244101,0.480992051933498,0.489723520986889,0.297339385366019,18.5,9.3,"Escobar"
"5",3.97427944799037,0.756655906159368,3.99635666325849,0.80007450876619,3.93416732447506,0.674226869424619,8.7,29.7,0.663939524670419,0.721140058061948,0.665976549165321,0.706530141762935,0.660238451996583,0.752057997134099,2.8,6.5,"Zupancic"
"6",2.45648156177096,0.677451411926814,2.46427710207248,0.666826424017531,2.3875210129498,0.776289157423441,9.4,18.8,4.94684936815324,8.30186376299143,5.04652308830833,8.68085256477936,4.06512030524289,3.4382698711559,2.9,3.1,"HMP"
"7",3.20919665127742,0.632004144976713,3.2047384865772,0.651755454168654,3.2609113618,0.366515077620914,1,2.7,2.26270579032467,2.87213265728256,2.29484071731103,2.96837485490236,1.8899406372829,1.4535456603561,2.1,0.7,"Wu"
"8",4.26895810395086,0.481875056819221,4.37386743992252,0.477425596140915,4.21915266162088,0.478322327001231,42.7,10.2,0.560003899276811,0.469070594175249,0.526852399198785,0.341488664002196,0.575742490222945,0.519649638950399,3.1,8,"Turnbaugh"
