"","ActualDiffBFRR","OnePercentBFRR","FivePercentBFRR","TenPercentBFRR","FifteenPercentBFRR"
"Baxter",0.0348837209302326,0.036,0.089,0.188,0.374
"Ross",0.0826612903225806,0.032,0.047,0.082,0.17
"Goodrich",0.0110329588248109,0.052,0.132,0.439,0.757
"Escobar",0.266666666666667,0.028,0.037,0.058,0.085
"Zupancic",0.14,0.045,0.093,0.246,0.463
"HMP",0,0.035,0.05,0.159,0.291
"Wu",0.0292338709677419,0.024,0.027,0.044,0.055
"Turnbaugh",0.0136986301369862,0.038,0.092,0.18,0.351
