"","Bacteroidetes","Firmicutes","BFRatio","Shannon","OTURich","Evenness","BrayC"
"Baxter",0.207293559688596,0.589566028040471,0.190484360289055,0.0650118635782845,0.0392259233115353,0.125400827806596,0.0639360639360639
"Ross",0.20356468789287,0.379899865202081,0.22074494997349,0.284782631234794,0.249224254612654,0.382642053838529,0.823176823176823
"Goodrich",0.680518412264099,0.507553484996966,0.463728156846291,0.788816003809305,0.303042389732494,0.99308675513488,0.42957042957043
"Escobar",0.0556255529797949,0.130728841373519,0.0822094447281854,0.948316451165027,0.230725263408922,0.61871029187371,0.0739260739260739
"Zupancic",0.567375130457808,0.601592084476055,0.59185342571283,0.310782047287703,0.161003902990508,0.440684697125687,0.178821178821179
"HMP",0.45899856057955,0.786352471713781,0.585829760539127,0.577210849900026,0.965448537321066,0.46666507849301,0.811188811188811
"Wu",0.712353562679204,0.75060458721989,0.989856215756106,0.908902310963077,0.279771698740378,0.380353764593646,0.533466533466533
"Turnbaugh",0.804807464930339,0.858707603534997,0.788646773020641,0.116249446744734,0.0547865470570539,0.17475083917049,0.0949050949050949
