"","ActualDiffHRR","OnePercentHRR","FivePercentHRR","TenPercentHRR","FifteenPercentHRR"
"Baxter",0.0348837209302326,0.041,0.057,0.212,0.371
"Ross",0.107862903225806,0.029,0.038,0.103,0.19
"Goodrich",0.0363045034390464,0.049,0.131,0.431,0.754
"Escobar",0,0.033,0.042,0.051,0.079
"Zupancic",0.11,0.038,0.102,0.24,0.491
"HMP",0.046875,0.044,0.068,0.124,0.269
"Wu",0.0342741935483871,0.019,0.038,0.043,0.065
"Turnbaugh",0.0684931506849314,0.042,0.075,0.163,0.344
